fold,acc,macro_f1
1,0.739791,0.484203
2,0.804125,0.549929
3,0.731173,0.499933
4,0.761598,0.548283
5,0.786713,0.578707
mean,0.764680,0.532211
std,0.027543,0.034873
